seq,timestamp,method,status,mime,size,url
7,"2026-01-16T10:52:19.847Z","GET",200,"text/javascript",3695,"chrome-extension://cjpalhdlnbpafiamejdnhcphjbkeiagm/web_accessible_resources/google-analytics_analytics.js?secret=l3kx7g"
8,"2026-01-16T10:52:19.833Z","GET",200,"application/javascript",0,"https://cdn.jsdelivr.net/npm/bootstrap@5.3.2/dist/js/bootstrap.bundle.min.js"
9,"2026-01-16T10:52:19.834Z","GET",200,"text/javascript",0,"https://spotmate.online/assets/js/script.js?v1.20"
10,"2026-01-16T10:52:19.834Z","GET",0,"",0,"https://static.cloudflareinsights.com/beacon.min.js/vcd15cbe7772f49c399c6a5babf22c1241717689176015"
16,"2026-01-16T10:52:31.150Z","POST",200,"application/json",1427,"https://spotmate.online/getTrackData"
18,"2026-01-16T10:52:37.684Z","POST",200,"application/json",1368,"https://spotmate.online/convert"
